"Value of Reciprocal_filial_piety","Est.","S.E.","2.5%","97.5%","t val.","p"
-0.999999999999999,-0.290610100018687,0.0749576563620552,-0.437998832198449,-0.143221367838925,-3.8769902118471,0.000124791513774282
5.71692765277759e-16,-0.130979804090792,0.0656174419716545,-0.260002935955638,-0.00195667222594584,-1.99611262120478,0.0466424619264685
1,0.0286504918371027,0.0853252577698633,-0.139123984793649,0.196424968467855,0.335779727901648,0.737224263022859
